{"cameraMode":{"drawMode":0,"name":"Shaded","section":"Shading Mode"},"sceneLighting":true,"audioPlay":false,"sceneViewState":{"m_AlwaysRefresh":false,"showFog":true,"showSkybox":true,"showFlares":true,"showImageEffects":true,"showParticleSystems":true,"showVisualEffectGraphs":true,"m_FxEnabled":true},"in2DMode":false,"pivot":{"x":-0.07815933227539063,"y":33.082366943359378,"z":-59.770103454589847},"rotation":{"x":-0.2318701297044754,"y":-0.010752974078059197,"z":0.0025164238177239897,"w":-0.972743034362793},"size":2.9950263500213625,"orthographic":true}